"totsp","livesp","kitsp","dist","metrdist","floor","price"
"58","40","6","12.5","7","10","81"
"44","28","6","13.5","7","2","75"
"70","42","6","14.5","3","7","128"
"61","37","6","13.5","7","12","95"
"104","60","11","10.5","7","15","330"
"76","50","9","11","7","16","137"
"59","39","6","7.5","10","8","98"
"55","36","6","9","5","6","88"
"80","56","9","9","5","14","225"
"86","51","10","12.7","10","9","140"
"96","56","12","10.5","7","3","132"
"77","50","9","3.5","7","8","115"
"70","47","8","7.5","5","7","142"
"63","44","7","14.5","10","16","84"
"66","43","7","12","7","13","100"
"75","50","10","13.5","10","16","110"
"87","58","8","7.5","7","14","170"
"79","50","9","4.5","1","13","175"
"60","43","6","12","15","5","96"
"85","54","10","6","10","8","110"
"84","55","11","3","15","3","170"
"62","40","8","12.5","5","8","125"
"72","51","8","9","5","12","135"
"58","38","6","12","8","4","95"
"92","61","10","10.5","15","12","148"
"68","43","7","13.5","10","13","56"
"82","46","13","12","5","10","135"
"73","52","7","11","5","8","130"
"49","34","6","7","10","4","72"
"85","46","14","12","7","7","127"
"65","44","8","4.5","5","5","140"
"73","51","8","10.5","7","7","112"
"83","56","10","12","15","3","120"
"70","47","8","9","5","5","130"
"75","43","10","12.7","5","9","110"
"125","80","20","9","3","7","450"
"81","56","8","7.5","15","15","159"
"77","47","12","13.5","10","10","120"
"77","41","10","10","7","7","132"
"68","40","8","3","5","7","169"
"75","47","9","3","3","7","185"
"61","33","7","10.5","10","6","92"
"60","43","6","12","5","12","88"
"58","43","6","13.5","2","3","90"
"77","50","9","6","10","15","115"
"100","56","14","7","10","4","265"
"79","46","13","12","15","7","129"
"65","46","7","12.5","5","16","110"
"60","43","6","12","5","2","102"
"77","45","13","13","10","4","101"
"60","42","7","12","10","3","86"
"75","42","8","12","15","10","115"
"64","46","7","12","5","2","87"
"99","51","12","10.5","1","16","140"
"113","60","20","9","10","14","219"
"51","34","6","13.5","5","8","79"
"81","50","11","7.5","5","10","180"
"62","38","9","13","4","8","89"
"83","49","19","9","5","12","340"
"75","42","10","12","5","10","112"
"67","37","7","10.5","10","5","99"
"89","51","12","12.7","6","2","170"
"80","45","10","7","7","3","198"
"51","34","6","3.5","10","1","89"
"78","55","8","7.5","10","11","193"
"57","42","6","11","10","6","100"
"77","47","10","13.5","10","15","135"
"78","44","8","13.5","20","9","100"
"64","38","8","3","3","6","136"
"80","48","10","10.5","10","8","133"
"85","58","8","12","4","2","145"
"79","52","10","14.5","10","7","105"
"53","34","6","9","5","1","97"
"103","49","13","14.5","10","11","220"
"77","45","10","12","10","12","125"
"81","45","10","13","12","16","110"
"87","66","9","7.5","10","7","153"
"74","44","10","15.5","8","14","137"
"59","45","6","12","5","16","85"
"64","45","6","12.5","10","9","95"
"67","41","9","14.5","7","6","115"
"55","36","6","12.5","15","14","76"
"80","48","10","10.5","15","9","139"
"80","44","14","10.5","10","13","350"
"66","40","8","12.5","5","4","105"
"51","34","6","3.5","7","15","110"
"66","44","8","12","5","10","99"
"60","45","6","13.5","5","10","90"
"80","46","10","10.5","15","4","130"
"65","45","9","9","10","5","165"
"75","44","11","13.5","10","5","130"
"78","48","9","9","4","13","158"
"130","72","15","7","5","1","380"
"80","42","20","8","5","6","210"
"75","51","9","3.5","5","13","116"
"76","44","10","12.5","5","6","140"
"86","54","13","6","10","13","130"
"51","35","6","12.5","5","16","82"
"115","70","14","10","3","5","208"
"65","40","8","17","12","8","99"
"77","46","11","13","2","3","110"
"120","75","18","9","10","4","470"
"57","42","6","3","15","14","105"
"70","44","8","8","5","11","169"
"64","45","7","12.5","12","2","94"
"78","46","10","12.5","5","8","136"
"55","38","6","6.5","10","10","88"
"81","56","9","6","7","2","130"
"87","55","10","12","3","12","150"
"58","43","5","12","15","16","84"
"60","43","6","13.5","5","4","74"
"77","45","10","13","5","14","138"
"62","42","10","12","10","12","125"
"57","40","6","4.5","5","8","105"
"70","45","8","10.5","10","9","138"
"86","55","10","10.5","10","7","129"
"56","42","6","12","5","2","120"
"64","39","8","12","15","2","95"
"56","39","5","10.5","5","12","82"
"51","35","6","13.5","10","5","74"
"83","47","10","17","10","9","110"
"60","43","6","12","7","15","87"
"81","46","12","12","5","13","190"
"58","43","6","17","10","3","90"
"79","53","8","9","3","14","152"
"74","40","12","12.7","7","13","120"
"83","55","10","4.5","3","5","195"
"80","51","10","13.5","10","8","144"
"78","48","13","4.5","5","10","149"
"56","40","5","9","5","8","140"
"57","44","6","9","5","8","105"
"73","45","8","3","2","15","185"
"78","54","8","11.5","10","1","115"
"74","45","10","13","15","9","115"
"58","44","6","7","10","9","106"
"64","39","8","12","7","9","92"
"56","42","6","3","15","14","105"
"82","44","11","12.7","12","16","120"
"86","46","9","12","10","1","52"
"95","58","14","9","7","1","169"
"80","53","9","7","5","1","225"
"59","43","5","14.5","5","1","94"
"76","45","10","12","10","1","99"
"51","35","6","17","10","0","86"
"80","50","9","4.5","2","0","177"
"75","45","10","12","7","1","113"
"76","46","10","13","7","1","110"
"78","50","10","12","3","1","145"
"56","41","5","6","15","1","90"
"127","62","20","13.5","10","1","199"
"158","80","20","10.5","10","1","372"
"58","42","6","7.5","15","1","95"
"51","34","6","13.5","10","1","78"
"84","45","11","12","10","1","135"
"80","45","12","12.7","15","1","100"
"76","46","10","9","5","1","153"
"65","47","9","13.5","7","1","95"
"60","43","6","12.5","5","1","103"
"80","45","13","12","7","0","114"
"85","46","10","12","15","1","113"
"80","52","10","12","10","1","108"
"74","44","11","13","5","0","107"
"77","52","9","10.5","15","1","100"
"76","43","12","13","5","0","106"
"60","44","6","13.5","7","1","84"
"73","51","9","7.5","10","0","139"
"76","46","10","13","5","1","106"
"78","55","8","13.5","10","1","124"
"65","40","8","17","5","0","112"
"65","43","7","12","10","1","110"
"60","44","6","13.5","10","1","80"
"58","41","5","7.5","7","0","115"
"83","47","10","17","10","1","110"
"68","46","8","9","10","1","138"
"63","47","7","12","20","0","50"
"77","43","8","12.5","5","1","132"
"58","43","6","10","10","1","80"
"59","44","6","13.5","10","1","88"
"106","60","17","9","5","1","194"
"78","54","8","7.5","10","1","130"
"50","34","6","12","10","0","86"
"70","50","8","5","5","0","128"
"85","53","7","4.5","10","0","155"
"105","74","18","5","1","1","270"
"60","43","6","14.5","6","1","85"
"76","44","10","12.7","2","0","135"
"122","68","12","10","5","1","200"
"51","35","6","7","3","1","90"
"65","47","8","12.5","2","1","133"
"69","44","9","14.5","10","1","103"
"61","44","6","12.5","10","1","89"
"56","39","6","11.5","10","1","81"
"58","42","6","12","5","1","106"
"77","45","11","10.5","15","1","166"
"55","37","6","11.5","2","1","78"
"77","45","10","12","10","1","110"
"74","44","10","12.7","10","1","120"
"80","51","10","13.5","10","1","100"
"76","42","10","13.5","10","1","127"
"75","46","11","9","15","1","150"
"79","62","6","17","2","0","99"
"67","44","8","6","10","1","118"
"63","43","9","12","1","0","120"
"64","45","7","15.5","10","0","85"
"78","54","8","9","10","1","167"
"58","44","5","17","2","1","105"
"56","41","6","9","5","0","130"
"80","45","13","13","10","0","125"
"59","43","6","17","5","1","86"
"60","41","8","4.5","10","0","105"
"68","49","11","7.5","7","0","118"
"75","44","8","12","10","0","107"
"65","46","6","15.5","7","1","100"
"83","55","9","9","3","1","195"
"66","40","19","7.5","10","1","120"
"60","43","6","14.5","10","1","95"
"58","43","6","14.5","10","1","110"
"55","41","5","11.5","3","1","80"
"75","45","10","13","5","1","97"
"63","39","8","15.5","5","1","92"
"75","44","8","12.7","3","1","130"
"92","52","15","3.5","3","1","235"
"60","38","8","12","5","1","93"
"82","48","8","13","10","1","95"
"77","46","10","12.7","7","1","115"
"76","44","10","12","2","1","140"
"82","48","8","13","12","1","92"
"60","44","6","14.5","7","1","89"
"103","51","14","14.5","15","1","230"
"64","40","8","15.5","15","1","95"
"83","55","9","10.5","10","1","156"
"77","46","10","12.7","2","1","135"
"78","60","11","14.5","10","1","125"
"74","50","8","10.5","10","0","122"
"85","52","11","9","10","1","140"
"64","45","6","14.5","10","1","95"
"65","39","11","12","5","1","105"
"78","44","8","13.5","1","1","150"
"74","45","10","13.5","5","1","136"
"80","48","9","14.5","7","1","170"
"75","45","10","12","7","1","105"
"82","52","12","13.5","10","0","125"
"61","41","6","13","10","0","73"
"78","46","10","12","15","1","93"
"64","45","7","12.5","10","1","95"
"101","65","15","10.5","20","1","225"
"65","40","8","17","5","1","108"
"60","45","6","9","7","1","92"
"57","38","6","7.5","6","0","90"
"85","54","11","8","10","1","145"
"67","47","6","12","5","1","93"
"80","56","9","12","5","1","160"
"62","37","8","12.5","10","1","93"
"57","43","6","12","5","1","90"
"55","40","6","10.5","10","1","79"
"73","43","11","12.7","10","0","95"
"75","52","9","7.5","10","1","110"
"66","44","9","12.5","15","1","125"
"99","65","11","9","10","1","299"
"77","46","10","12.5","10","1","127"
"75","45","10","12","7","1","112"
"58","43","5","12","15","0","84"
"110","55","11","12","1","1","195"
"81","60","13","13","5","1","170"
"67","45","9","13.5","10","0","95"
"145","82","14","4.5","3","1","450"
"85","56","12","6.5","10","1","160"
"78","46","10","5","10","1","165"
"56","38","6","7","10","1","80"
"78","50","9","13.5","15","0","125"
"77","44","10","13.5","5","1","120"
"82","52","10","3","3","1","226"
"66","48","8","12","1","0","105"
"66","43","10","9","10","1","120"
"77","45","10","5","10","1","150"
"77","46","11","13","5","1","103"
"57","42","6","10.5","4","1","115"
"87","57","7","10.5","3","1","140"
"80","53","9","7.5","15","1","185"
"80","50","10","7","7","1","120"
"57","46","6","12","10","1","82"
"74","53","7","4.5","7","1","130"
"70","42","10","14.5","7","1","110"
"61","49","6","12","10","1","90"
"108","62","12","13.5","10","1","185"
"80","46","10","7.5","10","1","146"
"68","46","8","12","15","1","105"
"100","56","12","12","10","1","193"
"51","34","6","9","5","0","75"
"65","47","9","5","10","1","138"
"63","40","8","12.5","10","1","115"
"59","44","6","7","5","0","93"
"83","50","11","12.7","15","1","123"
"82","53","9","11.5","10","1","120"
"66","43","6","15.5","5","0","90"
"56","39","6","12.5","10","1","86"
"64","40","8","17","5","1","103"
"59","43","6","13.5","15","1","85"
"85","51","10","12.7","3","1","123"
"69","44","10","12","5","1","110"
"60","44","10","12","10","0","88"
"75","46","10","13.5","10","1","116"
"71","52","8","8","10","0","119"
"80","45","13","12","5","1","130"
"55","40","6","11","5","1","85"
"79","45","10","13","7","0","93"
"79","45","13","12","3","1","127"
"77","42","10","6","5","1","143"
"77","46","8","12","15","0","105"
"74","45","8","5","15","1","177"
"54","37","6","14.5","10","1","73"
"74","45","11","17","10","1","145"
"72","50","9","7.5","10","1","99"
"60","44","6","12","10","1","91"
"68","44","8","10.5","5","1","122"
"74","49","9","7.5","10","1","147"
"76","45","10","17","10","1","84"
"51","34","6","7","7","1","73"
"58","39","6","10","7","1","85"
"68","46","8","12.5","7","1","135"
"75","44","13","12","10","1","116"
"76","44","10","14.5","9","1","136"
"56","36","6","17","10","1","88"
"87","55","10","6.5","5","1","153"
"74","44","10","10.5","7","0","135"
"74","51","9","10.5","7","1","135"
"68","53","6","12","10","1","100"
"66","37","7","11","7","1","115"
"69","40","9","13.5","15","1","120"
"84","46","10","13.5","7","1","149"
"56","33","6","8","10","0","98"
"60","44","6","7","7","1","85"
"80","50","8","10","5","1","169"
"55","38","6","3.5","5","0","100"
"64","44","9","12","12","1","125"
"55","35","8","7.5","7","1","95"
"75","44","10","13","2","1","114"
"78","50","8","9","10","0","105"
"75","53","8","11","3","1","125"
"65","39","9","17","10","1","100"
"64","41","7","14.5","3","1","93"
"99","70","9","7.5","7","1","165"
"52","35","6","13.5","10","1","72"
"78","52","7","11","7","1","125"
"74","47","10","3","5","0","250"
"87","51","12","12.7","6","0","165"
"84","52","8","6.5","3","1","148"
"81","49","9","13","10","1","130"
"74","51","9","7.5","10","1","148"
"79","45","13","9","20","1","123"
"77","45","9","12","5","1","149"
"55","35","6","9","10","1","97"
"50","34","6","12","5","0","80"
"58","42","5","12","10","1","100"
"75","45","10","12","5","1","105"
"52","36","6","10.5","15","0","80"
"100","63","9","13","7","1","120"
"59","42","6","12.5","10","0","78"
"90","57","8","10.5","2","1","209"
"81","51","14","9","3","1","190"
"51","35","6","10.5","3","1","88"
"85","53","9","10.5","7","0","135"
"90","54","13","7.5","7","1","185"
"100","65","11","9","10","1","299"
"81","45","9","14.5","10","0","111"
"65","44","7","13.5","10","1","102"
"65","45","7","14.5","10","0","94"
"79","53","9","8","15","1","165"
"90","52","13","10","3","1","164"
"63","45","7","13.5","10","1","110"
"78","51","9","6","15","1","137"
"57","42","6","13.5","5","1","97"
"80","46","13","12","15","0","155"
"75","45","10","7","15","0","153"
"88","55","14","17","5","1","132"
"74","45","10","12.7","7","1","110"
"63","38","8","10.5","10","1","103"
"49","33","6","14.5","10","0","79"
"121","71","12","10","3","1","200"
"59","44","6","9","5","1","85"
"66","43","7","17","5","1","108"
"81","56","9","6","5","0","125"
"90","55","10","9","7","0","145"
"74","56","8","4.5","7","1","250"
"78","46","11","12","5","1","140"
"79","51","12","3","8","1","160"
"96","51","12","13.5","10","0","122"
"63","42","7","13.5","15","1","100"
"55","38","5","6.5","5","1","87"
"69","47","6","12","10","0","92"
"77","42","8","6","15","1","150"
"112","64","16","14.5","5","1","150"
"61","42","6","12.5","5","1","88"
"78","45","10","13","7","1","100"
"64","38","8","10.5","15","0","92"
"76","54","8","10.5","15","0","112"
"65","45","7","12","7","1","90"
"85","50","8","6.5","2","1","140"
"75","45","10","13","5","1","100"
"58","38","6","12.5","10","0","83"
"72","50","8","10.5","10","1","115"
"68","53","6","13","10","1","92"
"65","41","11","12.5","15","1","110"
"64","45","6","17","5","1","103"
"78","47","9","5","10","1","165"
"89","57","9","7","5","1","165"
"128","70","18","7","5","1","371"
"60","38","6","17","7","0","85"
"65","39","8","12","15","1","95"
"113","58","13","13.5","10","1","141"
"77","50","8","12.5","15","0","113"
"73","52","8","11","10","1","125"
"64","40","9","12","10","1","108"
"59","45","5","10","15","1","84"
"71","47","8","7.5","10","1","170"
"72","51","8","6.5","5","1","112"
"76","45","10","12","7","1","131"
"77","46","9","13","5","0","110"
"79","48","9","10.5","5","0","135"
"69","44","8","8","10","1","132"
"100","50","10","15.5","10","1","135"
"63","39","8","14.5","15","1","95"
"77","45","10","10","5","1","140"
"77","45","10","13","10","1","120"
"68","44","9","12","7","1","115"
"96","58","14","7","5","1","165"
"66","39","8","17","10","0","99"
"123","68","16","14.5","10","0","192"
"75","45","10","17","3","1","128"
"63","44","7","17","3","1","105"
"83","46","12","13.5","10","1","133"
"64","41","9","13.5","12","1","96"
"84","54","8","7.5","10","1","168"
"78","45","10","14.5","10","1","150"
"84","55","11","3","15","1","135"
"65","43","10","12","5","1","85"
"57","37","5","12","7","1","85"
"86","50","10","13.5","10","1","138"
"57","45","6","12","15","1","87"
"80","48","11","12.7","5","1","115"
"80","44","13","10.5","10","1","117"
"95","51","11","6.5","3","1","154"
"60","43","6","12","10","1","84"
"114","67","15","14.5","10","1","160"
"61","43","6","14.5","7","1","93"
"77","47","11","11","7","1","130"
"70","44","8","15.5","7","0","100"
"78","44","11","12.7","10","1","135"
"59","38","6","7","10","1","84"
"66","44","7","3.5","10","1","105"
"75","46","10","12","5","1","155"
"76","45","10","13","10","1","120"
"60","35","8","11","5","1","105"
"53","35","7","11.5","5","0","75"
"77","46","10","6","10","1","110"
"108","65","14","14.5","15","1","280"
"85","52","10","12","10","1","115"
"57","37","6","13.5","10","1","78"
"134","70","16","9","5","1","227"
"56","42","5","6.5","5","0","86"
"70","43","10","12.7","10","0","106"
"66","39","8","14.5","15","1","93"
"79","45","8","11.5","2","1","112"
"64","45","7","13.5","7","1","93"
"74","45","10","13","15","1","120"
"60","41","6","14.5","7","0","92"
"81","46","13","9","7","1","220"
"66","42","9","8","7","1","107"
"62","38","9","17","7","0","115"
"61","38","6","13","10","0","83"
"66","47","6","4.5","2","0","140"
"64","45","6","13.5","7","1","105"
"57","43","6","8","5","0","120"
"64","46","7","17","15","0","88"
"76","40","11","12.7","10","1","115"
"70","45","10","9","10","1","140"
"94","57","8","10.5","15","1","149"
"75","43","10","17","10","1","120"
"92","62","18","6","7","1","170"
"73","49","8","11.5","5","0","105"
"86","55","10","9","10","1","189"
"61","42","6","12","7","1","86"
"80","40","14","12","10","1","126"
"59","40","6","10","5","1","85"
"82","47","11","12.5","10","0","140"
"84","52","11","13","5","1","104"
"66","45","10","12","5","1","108"
"60","45","6","13.5","7","1","84"
"55","35","6","14.5","5","1","90"
"61","43","6","12","15","1","87"
"71","42","10","12","5","0","115"
"58","44","6","7","7","0","78"
"80","47","9","13.5","10","1","120"
"74","44","10","12","15","0","98"
"81","54","8","7.5","12","1","152"
"82","48","8","13","10","1","105"
"78","48","12","9","4","1","158"
"58","33","5","11.5","5","1","87"
"108","56","15","11","5","1","150"
"79","45","13","14.5","5","1","109"
"64","44","9","7","3","1","158"
"86","51","8","12","2","1","160"
"56","37","6","10","1","0","80"
"66","38","7","11","7","1","115"
"70","45","8","8","7","0","260"
"56","40","5","12.5","5","1","90"
"76","43","8","12.5","5","1","132"
"59","46","6","10","15","1","84"
"63","35","8","11","7","1","112"
"77","43","8","10.5","10","1","120"
"76","45","10","12","15","1","115"
"74","41","9","6.5","5","1","165"
"77","46","10","10.5","15","1","125"
"67","43","9","13.5","10","1","103"
"72","47","10","13.5","7","0","130"
"59","41","6","9","5","0","129"
"52","34","6","17","10","0","80"
"84","55","9","4.5","5","1","190"
"72","42","9","12","5","1","130"
"56","42","5","6.5","5","0","86"
"106","58","24","9","5","1","190"
"84","52","11","12.7","20","1","132"
"80","45","13","12","10","1","170"
"78","52","9","11","5","1","118"
"63","47","6","13.5","5","1","78"
"56","38","6","13.5","10","0","77"
"50","34","6","13.5","2","1","77"
"75","45","10","14.5","10","1","105"
"76","45","10","12","5","1","150"
"75","45","9","10.5","7","1","143"
"113","85","20","9","10","1","350"
"70","40","9","13.5","5","0","110"
"107","64","13","14.5","10","1","159"
"75","46","10","7","12","1","135"
"60","43","6","15.5","5","1","89"
"76","50","10","5","5","1","170"
"55","37","6","10.5","10","1","89"
"64","44","7","12","5","1","115"
"77","40","11","12.7","15","1","110"
"59","44","6","12","10","1","84"
"78","46","10","14.5","7","1","130"
"90","57","13","14.5","15","1","87"
"60","44","6","15.5","15","0","79"
"60","39","6","4.5","10","1","115"
"67","41","9","13.5","7","1","95"
"64","42","7","14.5","5","1","98"
"64","42","9","17","10","0","83"
"82","54","8","3.5","10","1","130"
"56","43","6","3","10","1","105"
"77","44","10","14.5","5","1","124"
"65","39","8","12.5","20","1","107"
"83","53","8","12","5","1","180"
"76","45","10","13","10","1","110"
"75","53","10","12.5","5","1","157"
"105","55","14","17","5","1","210"
"64","45","6","12.5","10","1","95"
"120","59","15","7","10","1","371"
"73","45","7","9","1","1","145"
"58","43","5","7","10","1","85"
"58","40","6","6.5","5","0","87"
"84","48","9","12.7","5","1","118"
"58","38","8","11.5","7","1","86"
"80","48","9","7","5","1","157"
"73","54","9","3","10","1","190"
"65","43","5","7.5","5","1","85"
"80","51","7","7.5","7","1","140"
"55","42","6","14.5","5","1","85"
"58","37","6","12","10","1","78"
"80","53","9","7.5","10","1","185"
"75","52","12","3.5","5","1","162"
"90","52","13","10","3","1","164"
"81","48","10","3","5","1","210"
"63","38","8","10.5","5","0","99"
"75","52","9","10.5","5","1","125"
"60","43","6","12","5","1","85"
"92","48","13","9","1","1","225"
"61","45","6","13.5","15","1","85"
"77","45","10","17","10","1","112"
"83","53","9","13.5","10","1","135"
"101","59","15","8","7","1","235"
"76","46","10","12","3","1","147"
"55","39","6","8","10","0","93"
"75","46","10","13","7","0","105"
"69","43","6","17","5","1","105"
"95","57","12","5","5","0","185"
"75","52","9","11.5","10","0","110"
"86","58","12","3","5","1","215"
"79","47","9","14.5","7","1","175"
"62","39","8","17","10","1","99"
"80","48","13","15.5","10","1","144"
"74","46","11","12.5","10","0","98"
"72","46","8","10","5","1","135"
"78","46","9","10.5","10","1","140"
"88","59","9","9","10","0","205"
"84","53","10","15.5","15","1","145"
"86","53","9","11.5","1","1","150"
"59","38","8","14.5","5","1","110"
"90","57","7","3","3","1","285"
"54","36","5","3.5","12","1","98"
"80","45","13","12.5","5","1","135"
"54","38","6","10.5","5","1","95"
"80","48","13","14.5","10","1","150"
"72","43","10","12","10","1","105"
"65","39","8","12","5","1","105"
"53","39","5","3.5","7","0","105"
"67","46","8","12.5","15","1","125"
"65","45","7","14.5","12","1","95"
"77","51","7","5","5","0","115"
"65","45","11","7","7","1","110"
"93","57","9","10.5","5","1","143"
"77","44","10","8","10","1","165"
"75","46","10","6.5","1","1","168"
"60","38","6","12","5","1","96"
"88","55","11","6","3","1","180"
"74","45","10","13","10","0","105"
"53","34","6","13","15","0","81"
"58","37","7","13.5","15","1","87"
"103","54","11","9","5","1","177"
"80","51","8","11.5","15","1","119"
"81","48","8","13","7","1","120"
"88","63","8","8","5","1","132"
"59","38","6","13.5","10","1","85"
"74","45","10","12.5","2","1","140"
"60","43","6","13.5","5","0","90"
"192","92","18","7.5","5","1","455"
"105","58","11","9","5","1","194"
"65","45","7","7.5","2","1","170"
"57","40","6","8","5","1","100"
"80","51","10","13.5","10","1","140"
"101","51","15","7","7","1","160"
"83","48","9","12.7","5","1","130"
"66","44","6","9","3","0","185"
"84","45","11","7","10","1","120"
"103","80","14","3","3","1","360"
"63","43","9","13.5","7","1","99"
"60","37","8","12","8","1","120"
"63","37","8","14.5","5","1","118"
"96","57","9","7.5","5","1","130"
"76","46","10","13","7","1","113"
"67","41","9","12.5","10","1","107"
"69","47","8","5","10","1","134"
"86","53","9","10.5","5","0","110"
"100","57","10","13.5","15","0","170"
"77","41","10","12.7","10","1","100"
"61","45","6","13.5","15","1","90"
"75","50","10","12","3","1","108"
"83","48","9","13","15","1","105"
"51","34","6","14.5","10","1","88"
"60","44","6","13.5","5","1","80"
"75","48","13","12.7","5","1","130"
"53","33","9","3","10","1","170"
"83","53","9","4.5","5","0","220"
"72","46","11","12.5","10","0","104"
"68","46","8","15.5","10","0","105"
"90","58","11","4.5","7","1","165"
"77","53","9","7","8","1","130"
"74","43","10","14.5","5","1","167"
"75","54","7","12","7","1","114"
"54","34","11","3","10","1","113"
"76","48","9","13.5","10","1","145"
"63","45","7","13.5","7","1","112"
"83","44","10","12","10","1","106"
"77","54","8","10.5","12","0","105"
"68","46","8","10.5","10","1","107"
"81","56","9","6","7","0","130"
"65","40","8","14.5","15","1","94"
"78","44","10","13","15","1","105"
"105","55","23","10","5","1","240"
"97","63","11","10","7","1","150"
"63","42","7","13.5","7","1","87"
"77","45","10","6","7","1","116"
"66","44","7","13.5","10","1","105"
"76","45","10","7","10","1","150"
"60","44","6","12","10","0","95"
"59","45","6","10","7","0","82"
"94","59","11","12.7","2","1","210"
"85","61","8","12","7","1","150"
"77","43","10","8","10","1","179"
"55","36","6","14.5","7","0","75"
"108","65","12","13.5","10","1","185"
"76","51","9","13.5","5","1","120"
"79","51","10","13.5","10","1","100"
"78","49","14","9","4","1","158"
"74","43","10","9","5","1","155"
"68","46","8","9","5","1","139"
"78","45","10","12","2","1","140"
"76","54","9","13","5","0","115"
"64","43","9","12","7","1","94"
"72","45","10","3","3","1","180"
"125","70","18","7","10","1","340"
"78","44","9","13.5","20","1","100"
"60","44","6","13","15","0","77"
"74","43","10","17","12","1","102"
"68","32","13","3","10","1","135"
"58","41","6","9","3","1","108"
"83","44","10","13","10","0","134"
"76","45","10","13","5","1","103"
"82","48","9","10.5","10","0","135"
"57","42","6","7.5","15","1","85"
"52","34","6","13","15","1","78"
"78","44","10","12","10","0","113"
"68","44","10","5","7","1","140"
"78","53","8","8","10","0","125"
"55","40","5","7","2","1","86"
"80","38","11","12.7","10","1","130"
"77","44","10","17","3","0","117"
"75","46","10","11","10","1","135"
"80","45","13","12","10","1","120"
"76","45","10","7","10","1","116"
"74","42","10","13.5","10","1","131"
"92","60","14","9","10","0","230"
"53","39","6","12","10","1","76"
"78","46","10","12.7","10","1","108"
"74","53","8","11","5","1","140"
"60","41","6","12","10","1","110"
"60","43","6","12","5","1","90"
"78","48","9","12.5","15","1","136"
"84","56","9","3.5","4","1","126"
"65","44","8","9","5","1","120"
"63","40","8","11","12","1","93"
"110","56","15","12.5","3","1","260"
"95","62","10","12.7","5","1","152"
"80","45","13","12","5","1","185"
"75","46","10","7","10","1","145"
"61","45","6","13.5","5","0","77"
"68","47","8","13.5","7","1","106"
"76","46","10","12","15","0","102"
"78","54","9","6.5","5","1","128"
"51","36","6","17","5","1","75"
"60","44","6","10.5","3","1","89"
"81","53","8","11.5","4","1","135"
"55","37","6","7.5","7","1","90"
"76","44","9","5","7","1","135"
"73","51","8","12.5","15","1","108"
"79","45","13","14.5","7","1","114"
"64","39","8","12.5","10","0","95"
"109","58","18","12.7","2","1","230"
"72","53","8","3","10","0","128"
"104","60","16","12","10","1","168"
"57","37","5","12","7","1","85"
"80","50","8","9","15","1","170"
"56","35","6","12","7","1","87"
"87","62","10","4.5","5","1","190"
"72","42","11","6.5","5","1","154"
"69","42","9","14.5","15","1","129"
"61","44","7","12","5","1","80"
"60","45","6","13.5","10","1","89"
"77","45","10","10","7","1","112"
"93","57","12","12.7","5","1","160"
"83","44","10","12.7","10","1","118"
"75","47","10","13","10","1","115"
"84","57","9","10.5","7","0","165"
"57","40","5","13.5","10","1","90"
"82","54","8","9","7","1","160"
"55","35","6","9","7","1","97"
"74","41","9","6.5","5","1","165"
"90","53","13","10","7","1","162"
"119","70","17","9","5","1","212"
"72","46","10","9","5","1","190"
"80","52","14","12","7","1","120"
"61","38","9","12","5","1","94"
"73","43","11","9","10","1","145"
"53","34","6","7.5","3","0","73"
"60","40","7","13.5","9","1","90"
"54","35","5","12.5","10","1","79"
"61","40","6","13.5","10","1","82"
"83","53","12","12","15","1","140"
"77","45","10","14.5","10","1","105"
"56","43","5","6.5","7","1","97"
"145","66","16","12.7","3","0","280"
"59","41","6","11","10","1","92"
"58","38","7","13.5","5","1","80"
"65","45","7","13.5","7","1","110"
"98","52","12","10","7","1","160"
"77","45","10","13.5","5","1","120"
"100","54","12","6.5","3","1","165"
"111","65","16","14.5","6","1","147"
"60","45","6","15.5","5","1","96"
"65","45","7","14.5","10","1","75"
"90","54","8","12","15","1","125"
"80","47","10","12","15","1","125"
"64","45","9","15.5","12","0","87"
"76","45","11","12","5","1","115"
"100","66","21","9","15","1","200"
"84","53","12","12.7","15","1","115"
"64","46","6","7","3","1","120"
"64","44","9","15.5","5","1","107"
"60","39","6","3.5","3","1","112"
"60","44","6","15.5","5","1","94"
"64","45","7","13.5","5","1","115"
"66","45","10","11.5","10","1","110"
"75","53","9","11.5","10","0","107"
"60","43","6","12","6","1","77"
"65","45","7","12.5","15","1","96"
"78","46","10","13.5","10","1","118"
"66","44","10","14.5","7","1","95"
"77","45","10","17","7","1","123"
"70","40","6","12","2","0","110"
"90","61","10","10.5","3","1","162"
"58","45","6","10","3","1","85"
"70","50","9","6","10","0","113"
"80","45","13","12","5","1","125"
"52","35","6","12","10","1","78"
"75","45","10","13.5","5","0","109"
"110","52","17","11.5","5","1","230"
"59","42","6","10.5","7","0","85"
"76","45","10","13.5","10","1","125"
"73","41","10","12","5","1","130"
"58","38","6","7","10","1","80"
"102","73","10","9","7","1","200"
"51","34","6","12","7","0","73"
"61","44","6","12.5","3","1","94"
"84","52","8","12","7","1","134"
"76","44","10","12.5","5","1","140"
"66","44","9","12","5","1","108"
"65","45","7","17","10","0","94"
"56","40","5","3.5","10","0","130"
"66","44","9","11.5","7","0","92"
"85","47","11","12.7","5","1","155"
"81","48","8","13","15","1","108"
"66","43","7","17","2","1","108"
"76","50","8","10.5","15","1","135"
"77","50","8","10.5","10","1","135"
"57","43","5","11.5","10","1","100"
"75","48","7","7.5","3","1","170"
"61","43","6","12","15","1","87"
"62","38","8","17","3","1","94"
"61","42","5","3.5","10","0","115"
"63","38","7","7.5","3","1","223"
"80","51","8","3","10","1","160"
"66","44","9","4.5","2","1","138"
"77","40","11","13","10","1","125"
"68","47","8","12.5","5","0","120"
"60","43","10","13","7","0","85"
"91","52","9","6.5","10","1","113"
"69","46","6","12","5","1","115"
"75","43","11","14.5","10","1","95"
"83","48","9","12","3","1","125"
"66","46","8","15.5","5","1","109"
"113","64","13","14.5","5","1","167"
"77","54","9","9","5","1","190"
"88","61","9","10.5","15","1","158"
"102","70","9","10.5","12","1","151"
"77","48","8","12","7","0","160"
"56","37","6","7","7","1","87"
"58","45","5","10","3","1","87"
"76","45","10","14.5","10","1","95"
"102","58","12","13","5","1","170"
"75","53","10","10.5","15","0","110"
"83","53","8","10.5","5","1","180"
"80","54","9","3","5","1","178"
"60","44","6","12.5","15","0","92"
"95","57","8","10.5","15","1","149"
"61","43","6","14.5","5","1","95"
"67","46","7","9","5","1","130"
"63","38","8","12","10","1","92"
"60","45","6","12","10","1","96"
"59","38","6","13.5","7","0","93"
"64","40","8","10.5","10","0","103"
"79","47","10","17","10","1","112"
"63","38","8","17","12","0","94"
"70","48","7","9","2","1","156"
"54","35","6","9","10","0","82"
"78","53","8","7.5","15","1","185"
"60","44","6","14.5","15","1","98"
"80","48","8","12","10","1","113"
"83","55","9","3","15","1","175"
"65","44","7","10.5","5","1","99"
"63","45","6","10","10","0","87"
"51","34","6","13.5","10","1","73"
"148","85","14","14.5","7","1","220"
"76","43","10","8","10","1","185"
"85","57","10","9","7","0","150"
"75","42","8","12","15","1","115"
"72","52","7","3","5","1","155"
"83","48","9","12","3","1","125"
"85","53","12","12.7","10","0","113"
"66","46","11","12","7","0","105"
"72","44","10","6","5","0","130"
"100","50","15","12.7","5","1","250"
"76","45","10","12","10","1","97"
"69","47","7","4.5","5","1","165"
"108","60","13","14.5","10","1","161"
"77","46","9","15.5","3","1","110"
"90","52","9","12","15","0","145"
"146","86","16","14.5","5","1","470"
"75","45","10","13","10","1","113"
"107","58","14","13","1","1","260"
"71","46","8","4.5","5","0","200"
"75","45","10","13","5","1","100"
"82","52","15","5","1","1","170"
"115","66","15","13.5","10","1","163"
"74","45","10","10","15","0","136"
"59","38","6","12","15","1","89"
"76","45","10","15.5","10","1","125"
"110","71","18","4.5","7","1","260"
"66","43","8","10","5","1","123"
"80","48","12","12.7","5","1","115"
"66","44","9","9","15","0","129"
"72","48","9","10.5","10","0","104"
"79","52","10","15.5","10","1","89"
"71","43","8","9","5","0","145"
"75","45","10","12","10","1","100"
"72","45","10","14.5","2","1","135"
"59","44","5","14.5","10","1","93"
"58","38","6","12","15","0","87"
"66","44","14","4.5","2","1","138"
"66","42","6","3.5","3","0","108"
"61","45","6","13.5","15","1","85"
"79","45","13","14.5","5","1","109"
"81","53","9","8","7","0","180"
"56","37","6","12","10","0","80"
"75","48","10","7","3","1","185"
"71","43","10","14.5","20","1","110"
"59","44","6","13.5","10","1","87"
"64","43","9","3.5","10","0","108"
"74","44","11","12.7","10","1","112"
"70","44","10","15.5","7","1","103"
"83","44","10","7","2","1","128"
"67","46","8","13.5","7","1","107"
"75","45","10","14.5","10","1","120"
"55","38","7","11","10","0","83"
"60","39","9","15.5","10","1","100"
"79","46","10","17","5","1","127"
"59","39","6","8","15","1","80"
"71","45","15","9","1","1","210"
"51","35","6","13.5","10","0","74"
"77","50","8","8","5","1","155"
"69","45","9","4.5","5","1","138"
"60","42","7","9","10","0","130"
"66","45","8","9","7","1","144"
"58","41","6","11","5","1","102"
"58","42","6","9","10","0","89"
"85","45","10","12","15","1","116"
"78","54","9","11","10","1","105"
"64","39","8","14.5","5","0","89"
"85","52","10","14.5","10","0","128"
"84","48","10","13.5","10","0","150"
"68","45","8","10.5","5","1","120"
"68","41","8","17","5","0","105"
"74","46","10","5","10","1","165"
"76","45","10","14.5","10","1","110"
"51","34","6","14.5","7","1","75"
"60","45","6","15.5","5","1","92"
"99","55","11","10.5","15","0","129"
"55","40","6","9","7","1","105"
"50","34","6","11.5","10","1","80"
"78","46","10","12.5","12","0","132"
"75","42","8","13.5","10","1","105"
"68","44","10","10.5","10","1","92"
"65","44","8","11.5","7","1","101"
"54","36","6","10","10","1","81"
"68","47","8","9","5","1","140"
"82","61","6","3.5","7","1","140"
"74","52","9","7.5","7","1","118"
"82","50","10","10.5","7","0","127"
"74","52","7","11","5","0","112"
"80","52","9","7.5","7","0","160"
"78","46","11","13.5","10","1","130"
"77","44","10","14.5","7","1","125"
"70","40","8","17","7","1","82"
"78","51","8","9","7","1","158"
"75","40","11","13","5","1","140"
"105","74","10","5","1","1","270"
"67","45","8","13.5","5","1","110"
"64","43","7","9","5","1","120"
"134","102","10","9","10","1","730"
"77","45","8","12","15","0","100"
"59","38","6","12","10","0","77"
"79","44","10","13.5","10","1","130"
"71","44","9","8","5","1","150"
"104","55","11","9","5","1","176"
"60","43","6","12","5","1","87"
"57","43","6","10.5","10","1","79"
"79","54","8","9","10","1","156"
"79","47","10","3","3","1","185"
"65","44","7","15.5","5","1","102"
"88","60","7","3","5","1","200"
"66","43","9","15.5","10","0","90"
"100","62","17","4.5","15","1","310"
"60","40","8","7.5","5","1","155"
"70","45","9","10.5","15","1","130"
"75","46","11","13.5","15","1","122"
"79","53","8","7","5","1","210"
"52","34","6","14.5","10","0","83"
"63","44","6","17","5","1","90"
"63","39","8","17","1","1","95"
"56","39","6","12","5","0","78"
"74","45","10","12.7","15","1","115"
"67","41","9","13.5","10","0","110"
"58","38","6","11.5","7","1","86"
"57","41","6","12.5","10","1","107"
"60","45","6","13.5","5","1","80"
"58","42","6","12","5","0","93"
"64","43","7","12","15","1","98"
"80","46","13","5","4","1","230"
"72","43","12","12.7","7","0","95"
"106","64","13","12","15","1","170"
"79","50","9","4.5","2","0","170"
"68","46","7","9","10","1","140"
"100","60","12","7","7","1","200"
"60","41","6","11.5","5","1","82"
"76","46","11","13","5","1","130"
"60","43","6","13.5","10","1","87"
"60","44","6","12.5","10","1","99"
"72","42","10","14.5","20","0","100"
"59","39","6","15.5","10","1","93"
"56","37","6","10","15","1","83"
"79","47","10","7","10","1","138"
"85","50","9","12","10","1","133"
"79","45","13","15.5","7","1","135"
"76","50","8","9","7","1","150"
"80","46","10","10","5","0","170"
"57","40","5","7.5","7","0","110"
"64","40","7","7","10","0","105"
"71","44","8","15.5","7","1","110"
"65","46","8","13.5","7","0","95"
"57","38","8","12","5","1","115"
"78","46","10","9","10","1","150"
"73","41","11","3.5","1","1","190"
"55","39","6","10","10","0","75"
"78","45","10","12","7","1","125"
"74","44","11","12.7","10","1","114"
"68","46","8","12","5","1","97"
"72","44","10","12.7","10","0","95"
"79","45","10","12","5","1","130"
"64","45","7","14.5","3","1","94"
"80","54","9","9","10","1","160"
"91","58","8","11","2","1","180"
"65","39","8","14.5","10","1","100"
"65","40","7","17","10","0","105"
"75","45","10","12.7","10","1","110"
"69","36","9","12.5","5","0","108"
"57","40","6","12.5","2","1","92"
"61","44","6","12.5","5","1","92"
"86","51","11","10.5","10","0","181"
"57","38","6","9","5","1","128"
"77","51","12","4.5","7","1","120"
"100","75","12","6.5","5","1","299"
"76","40","11","12.7","5","1","105"
"77","45","10","13","5","1","95"
"58","42","6","13.5","7","1","92"
"65","38","7","11","10","1","120"
"56","42","6","12","10","1","85"
"58","39","7","7.5","5","1","99"
"61","38","8","17","5","0","105"
"77","47","12","11","7","1","128"
"75","45","10","12.7","15","1","114"
"72","49","8","8","5","1","135"
"73","48","9","7.5","5","1","163"
"80","51","13","7.5","5","1","160"
"67","46","6","12","15","1","85"
"60","38","6","17","7","0","85"
"81","43","10","17","3","0","145"
"68","45","6","12.5","10","1","110"
"153","84","18","9","5","1","460"
"58","42","6","12","10","1","98"
"83","53","10","12","15","0","100"
"85","44","10","12","10","1","117"
"58","43","5","7","7","1","80"
"76","45","10","12","10","0","108"
"60","45","6","10.5","5","1","91"
"74","43","10","12.5","10","1","145"
"56","41","6","3.5","5","0","108"
"51","33","6","7","7","1","78"
"60","42","6","12.5","10","0","82"
"80","47","9","12.5","3","1","143"
"104","54","10","10.5","8","1","227"
"64","43","6","11.5","2","1","120"
"53","36","5","7.5","10","0","105"
"72","43","10","13","10","0","105"
"55","37","6","12","5","1","83"
"65","45","7","15.5","7","1","95"
"61","45","6","13.5","10","1","85"
"80","53","8","11.5","10","0","117"
"80","51","9","6","10","1","124"
"61","40","8","12","3","1","105"
"77","46","10","12","10","1","107"
"79","51","9","7","5","1","164"
"63","42","9","7","5","1","113"
"78","52","8","9","1","1","180"
"51","34","6","13.5","10","1","79"
"76","50","8","13","10","1","110"
"66","47","9","7","3","1","150"
"125","66","19","10.5","10","1","142"
"58","44","6","10.5","10","1","99"
"81","49","8","12","5","1","127"
"52","35","6","14.5","12","1","80"
"60","42","6","11.5","10","0","72"
"80","45","13","14.5","5","1","119"
"80","46","13","12","7","0","131"
"80","48","10","12.7","12","1","119"
"66","45","8","7","7","0","119"
"93","66","9","6","5","0","125"
"56","37","6","7","7","1","87"
"70","39","8","12.5","12","1","117"
"75","46","9","10.5","10","1","140"
"80","50","8","10.5","5","1","120"
"52","37","6","12","7","0","79"
"67","46","8","8","5","0","140"
"60","42","6","11","10","1","88"
"75","45","10","13.5","10","1","120"
"57","40","6","14.5","10","1","85"
"73","52","9","10.5","15","1","115"
"85","45","10","13.5","10","1","169"
"106","63","12","13.5","10","1","150"
"74","45","10","14.5","15","1","107"
"70","50","9","7.5","7","1","150"
"77","48","10","17","5","1","130"
"107","72","17","10.5","1","1","309"
"80","47","9","12","7","1","135"
"75","44","10","17","5","0","110"
"99","63","9","9","10","1","209"
"60","44","6","17","10","1","83"
"76","46","10","12","10","1","108"
"63","39","7","14.5","10","0","98"
"76","47","11","11","7","1","125"
"90","56","11","9","15","0","180"
"54","34","6","3","10","1","113"
"132","74","23","12.5","3","0","252"
"75","45","10","9","15","1","155"
"112","60","17","7","10","1","212"
"64","45","7","14.5","10","1","95"
"75","44","9","7","5","1","118"
"79","44","13","10.5","10","1","126"
"54","34","6","7","7","0","71"
"80","40","25","10.5","10","1","153"
"51","34","6","13","5","1","78"
"74","48","10","12.5","15","1","123"
"66","43","11","13.5","10","1","108"
"78","44","10","3.5","2","1","145"
"55","37","6","10.5","7","1","78"
"64","35","6","9","1","1","130"
"63","39","8","14.5","5","0","92"
"80","45","13","12","15","1","128"
"98","50","12","10","10","1","160"
"66","40","8","12.5","5","0","115"
"56","41","5","6","10","1","81"
"78","50","9","9","5","1","150"
"87","57","7","13.5","7","0","130"
"77","44","10","9","7","1","113"
"52","34","6","12","10","0","70"
"73","45","10","15.5","10","1","110"
"77","40","10","12","15","1","105"
"75","45","10","12","10","1","130"
"58","39","7","7","5","1","85"
"64","45","7","13.5","7","1","115"
"66","43","7","17","5","1","108"
"78","46","18","5","10","1","165"
"60","43","7","12","5","1","85"
"80","46","10","12","15","1","110"
"68","46","8","13.5","10","1","110"
"58","42","5","12.5","15","1","97"
"65","46","7","14.5","5","1","90"
"60","44","6","17","7","1","88"
"75","43","10","13.5","15","1","110"
"90","61","6","14.5","10","1","285"
"75","48","11","3","15","1","120"
"74","44","10","13.5","15","1","110"
"74","42","10","7.5","5","1","135"
"74","43","10","13.5","12","1","128"
"90","51","12","12","10","1","142"
"65","45","6","13.5","7","1","115"
"72","49","7","7.5","5","1","210"
"60","40","7","9","7","1","110"
"120","59","15","7","10","1","371"
"65","39","7","12","15","0","135"
"74","45","11","11","5","1","143"
"67","45","8","7.5","5","0","105"
"75","45","10","12.5","5","1","165"
"109","64","13","14.5","10","1","159"
"68","48","7","3","15","1","125"
"67","45","8","14.5","5","1","108"
"61","44","6","12.5","10","1","94"
"54","35","6","12","8","0","80"
"56","38","6","10","7","1","75"
"79","45","13","14.5","7","1","109"
"65","46","6","17","7","1","99"
"77","47","9","14.5","10","0","97"
"66","44","9.5","4.5","3","1","138"
"61","38","8","11.5","7","1","95"
"73","43","11","13","5","1","127"
"81","48","8","15.5","7","1","135"
"58","44","6","17","5","1","86"
"71","49","9","9","10","1","162"
"77","45","7","9","5","0","115"
"74","45","10","13","15","1","115"
"63","39","8","12.5","10","1","105"
"76","45","10","12","10","1","120"
"65","44","9","14.5","7","1","98"
"75","48","9","3","12","0","133"
"65","44","9","13.5","1","0","112"
"63","37","8","13","5","1","88"
"55","36","6","12.5","10","1","90"
"70","40","8","3","5","1","175"
"68","41","10","10.5","5","1","130"
"76","43","10","13.5","10","1","144"
"78","50","7","8","10","1","200"
"80","46","13","14.5","5","1","126"
"58","41","7","14.5","10","1","85"
"58","37","6","13.5","15","1","85"
"53","36","5","7.5","10","0","105"
"75","54","8","12","5","0","140"
"80","46","10","3.5","2","0","145"
"80","48","10","12.7","7","1","129"
"80","53","9","8","3","1","170"
"80","45","10","13.5","10","1","115"
"59","42","6","12","10","1","81"
"75","45","10","13","10","1","105"
"64","45","6","12.5","12","1","94"
"77","52","7","3","15","1","170"
"74","53","8","11","10","1","127"
"76","44","11","13.5","10","1","140"
"75","45","10","7","15","1","145"
"75","50","8","11.5","5","1","98"
"69","47","8","17","3","1","113"
"83","50","9","6.5","10","1","130"
"78","47","10","12","10","1","113"
"78","48","11","6.5","1","1","162"
"64","41","7","12","5","1","100"
"86","56","9","6","2","1","160"
"80","51","13","13.5","5","1","135"
"62","43","7","12","7","1","95"
"56","34","7","7.5","10","0","86"
"68","49","11","7.5","7","0","118"
"65","39","8","12.5","7","1","93"
"78","44","10","14.5","15","1","150"
"82","47","10","14.5","15","1","145"
"55","40","6","12.5","7","0","85"
"86","51","10","10.5","7","1","139"
"93","51","12","10","7","0","114"
"66","39","8","17","10","1","101"
"64","43","7","17","5","1","98"
"66","43","9","5","10","1","153"
"77","40","10","12.7","5","1","119"
"82","37","12","6","10","1","130"
"58","41","6","12.5","5","0","79"
"92","50","11","6.5","10","1","127"
"77","44","10","7","10","1","142"
"65","43","7","9","5","1","127"
"85","53","12","12","3","0","190"
"79","54","9","7","3","1","160"
"58","43","6","17","5","1","86"
"62","45","6","13.5","10","1","99"
"54","35","5","10.5","3","0","73"
"77","45","11","10.5","10","1","138"
"77","45","7","9","15","0","115"
"67","43","9","15.5","7","1","103"
"75","44","10","12.7","10","1","107"
"78","48","14","12","10","1","110"
"67","45","11","13.5","5","1","109"
"77","48","8","12","15","1","120"
"64","45","6","17","15","1","94"
"78","45","11","13","10","1","117"
"77","51","8","6","3","1","125"
"63","38","8","12","10","1","92"
"57","43","5","12.5","15","1","93"
"78","54","11","12","15","0","103"
"92","69","8","4.5","10","1","150"
"63","39","8","12","10","1","95"
"76","45","10","6","7","1","135"
"78","43","12","14.5","15","1","120"
"79","56","8","7.5","10","1","125"
"51","34","6","7","7","1","77"
"64","45","6","12.5","15","1","89"
"80","48","8","12","10","1","108"
"60","43","6","13.5","10","1","96"
"74","53","8","11","15","0","110"
"79","47","8","10.5","15","1","129"
"69","48","6","12","10","1","85"
"60","45","6","10.5","15","1","96"
"79","48","10","12.7","12","1","122"
"90","60","10","12","10","1","200"
"80","45","13","13","5","1","104"
"96","56","9","11","15","0","145"
"74","53","8","10.5","10","1","120"
"78","46","10","14.5","5","1","196"
"75","43","11","12.7","15","1","135"
"74","43","10","15.5","10","1","141"
"60","45","6","12","5","1","96"
"75","45","10","13.5","5","0","100"
"55","36","6","10","7","0","82"
"110","59","13","14.5","10","1","198"
"78","47","10","12","3","0","108"
"50","34","6","15.5","5","1","83"
"78","46","10","17","5","1","131"
"84","53","19","15.5","15","1","145"
"56","32","5","7.5","7","0","107"
"60","44","6","12","10","0","88"
"77","45","10","12.7","15","0","104"
"93","59","6","12.5","15","1","160"
"60","38","6","13.5","7","1","89"
"96","50","18","7","5","1","171"
"60","45","6","13.5","7","1","84"
"79","47","10","7","10","1","138"
"58","41","6","14.5","10","1","70"
"78","54","8","9","10","1","165"
"65","44","9","9","5","1","130"
"74","52","9","10.5","7","1","139"
"81","55","8","9","7","0","140"
"60","44","6","14.5","7","1","91"
"60","38","9","12","10","0","83"
"57","39","6","11.5","7","0","85"
"112","78","16","7","10","1","175"
"68","42","8","13.5","7","0","80"
"58","40","5","14.5","10","1","85"
"72","43","9","10.5","15","0","135"
"101","60","15","7","7","1","197"
"57","42","6","6.5","7","1","99"
"65","45","9","9","10","1","165"
"58","44","5","10.5","5","1","87"
"54","34","6","3.5","7","1","105"
"75","47","8","6.5","15","0","115"
"77","46","10","8","10","1","140"
"67","43","11","12","15","1","104"
"85","52","9","5","8","1","143"
"77","44","10","7","10","1","142"
"78","53","9","3.5","10","1","130"
"75","47","10","9","10","0","160"
"80","54","12","12.7","5","1","115"
"76","51","8","3","5","0","145"
"135","70","20","9","2","1","317"
"74","41","12","7","3","1","84"
"96","52","10","13.5","5","1","124"
"56","42","7","14.5","3","1","130"
"65","38","8","7.5","10","1","135"
"55","35","6","12","10","1","85"
"64","45","7","13.5","15","1","103"
"60","40","7","12","5","1","85"
"72","50","9","7.5","5","1","160"
"90","62","12","10.5","5","1","350"
"55","38","6","7","10","0","101"
"82","45","10","12","10","1","143"
"51","34","6","13.5","15","1","80"
"75","45","10","12.7","10","1","123"
"67","42","9","7.5","3","1","215"
"80","45","13","13.5","5","1","140"
"59","45","6","12","5","0","90"
"64","43","7","6","7","1","72"
"78","53","13","3.5","10","1","130"
"75","46","10","14.5","7","1","125"
"74","48","11","13","15","1","115"
"49","34","6","10","10","1","71"
"60","43","6","12","5","1","85"
"80","53","8","9","3","1","150"
"71","47","7","7.5","10","1","180"
"109","51","16","13.5","10","1","130"
"83","58","10","3","10","1","180"
"64","45","7","13.5","10","1","97"
"75","45","9","13","15","1","107"
"79","47","11","12","10","1","115"
"70","48","7","9","2","1","156"
"73","52","8","7.5","5","0","113"
"77","44","7","12","10","1","115"
"76","53","8","6","10","1","96"
"81","54","8","9","3","0","240"
"73","49","9","10.5","15","1","155"
"77","45","10","12","7","1","130"
"51","34","6","13.5","10","1","89"
"75","52","9","3","15","0","133"
"70","40","9","15.5","10","1","135"
"65","40","8","13","7","1","89"
"90","52","12","6","7","1","185"
"66","43","7","13.5","15","1","110"
"74","43","10","14.5","7","1","167"
"78","46","10","8","10","1","190"
"80","46","12","9","2","1","260"
"53","34","6","10.5","7","0","74"
"100","50","16","7","10","1","190"
"75","45","10","7","15","1","147"
"73","48","8","3","15","1","152"
"60","43","6","17","15","1","93"
"75","45","10","12","5","1","110"
"60","37","9","12.5","7","1","110"
"93","52","14","13.5","10","1","122"
"73","47","9","11","10","1","130"
"53","36","7","11.5","5","0","86"
"64","38","8","14.5","7","1","115"
"50","35","6","11","8","1","85"
"55","38","6","7.5","10","0","77"
"53","34","6","14.5","8","0","83"
"73","44","10","10.5","5","0","140"
"58","43","6","14.5","5","1","84"
"56","44","6","11","8","0","80"
"72","43","12","12.7","7","0","95"
"58","42","6","10.5","15","1","90"
"82","44","10","12.7","15","1","116"
"74","45","12","12.7","1","0","110"
"69","47","7","3.5","10","1","145"
"64","40","9","12","10","1","108"
"83","48","10","12","15","0","100"
"80","43","10","12","15","1","110"
"68","50","9","12.5","5","1","128"
"77","54","8","3.5","10","1","137"
"65","47","9","12.5","5","1","105"
"60","41","6","3","7","1","125"
"76","45","10","14.5","15","1","110"
"80","50","8","7.5","5","1","147"
"63","39","8","14.5","5","1","94"
"56","33","8","11.5","3","1","94"
"82","55","9","13.5","7","1","201"
"78","44","10","15.5","10","1","135"
"78","47","8","11","8","1","145"
"72","43","10","12.7","10","1","99"
"65","44","9","4.5","2","1","138"
"56","42","6","12.5","7","1","90"
"64","45","6","13","5","1","85"
"85","52","11","14.5","5","1","145"
"77","41","11","13","10","1","135"
"78","46","10","17","5","1","127"
"80","52","10","7","1","1","189"
"72","50","7","4.5","5","0","145"
"68","47","8","8","5","1","126"
"65","40","8","13.5","7","1","105"
"60","40","8","13.5","5","0","90"
"81","47","9","12.7","10","0","115"
"57","37","7","9","1","1","110"
"54","42","6","17","10","1","90"
"76","55","8","7.5","2","1","215"
"71","42","8","7","15","1","180"
"80","41","13","12","15","1","115"
"63","42","8","12","15","1","105"
"78","44","10","12","7","1","115"
"55","39","6","4.5","12","0","101"
"108","56","15","11","5","1","152"
"92","69","14","4.5","10","1","160"
"65","47","8","13.5","5","1","95"
"74","52","8","10.5","10","1","119"
"82","52","20","5","1","1","170"
"78","48","10","12","10","0","115"
"93","66","9","9","10","1","205"
"79","47","8","17","10","1","75"
"65","40","8","17","10","1","105"
"106","60","17","4.5","10","1","240"
"73","46","10","7.5","3","1","180"
"60","45","6","12","5","1","96"
"81","44","10","13.5","10","1","155"
"81","50","13","15.5","2","1","140"
"64","43","7","4.5","10","1","125"
"59","39","6","3.5","5","1","114"
"60","40","8","12.5","10","1","96"
"65","40","8","12.5","5","0","110"
"76","50","15","11","7","1","137"
"60","43","6","13.5","10","1","87"
"72","45","9","10.5","7","1","139"
"76","44","9","13","15","1","107"
"77","44","10","13","2","1","147"
"86","55","10","6.5","5","1","153"
"74","53","7","4.5","7","1","132"
"75","54","9","17","5","0","108"
"84","53","10","15.5","15","1","142"
"58","41","6","7.5","10","1","105"
"119","68","15","15.5","10","1","127"
"68","41","10","12","10","1","112"
"77","46","10","13","15","1","113"
"75","45","10","7","15","1","145"
"60","40","6","12","10","1","92"
"55","36","6","11.5","10","1","75"
"64","38","9","12","11","1","94"
"81","46","10","15.5","5","1","145"
"105","56","12","9","5","1","168"
"61","43","6","12","15","1","85"
"54","37","6","12","7","0","80"
"95","48","12","10","2","0","175"
"119","68","10","11","7","0","160"
"51","34","6","12","7","1","79"
"53","35","7","11.5","5","0","75"
"74","44","10","12.7","4","1","118"
"92","50","14","10","7","1","149"
"68","43","9","13.5","10","1","105"
"60","44","6","14.5","7","1","82"
"58","40","6","10.5","7","1","108"
"51","34","6","15.5","3","1","83"
"63","42","8","3.5","5","1","95"
"75","45","10","12.7","10","1","123"
"68","45","10","12.5","15","1","96"
"80","48","8","13","7","0","135"
"68","44","9","7.5","7","1","112"
"74","45","10","12","15","1","110"
"68","44","8","10.5","10","1","114"
"85","46","10","12","5","1","125"
"75","42","11","14.5","3","1","111"
"61","38","8","12","15","1","98"
"57","42","6","11","5","1","90"
"81","44","10","14.5","7","1","135"
"74","50","8","10.5","5","1","130"
"60","39","8","12","5","1","99"
"130","71","16","14.5","4","1","174"
"78","46","10","12.7","3","1","115"
"85","50","9","13.5","9","1","170"
"70","39","9","11.5","2","0","98"
"72","53","10","11.5","5","1","90"
"84","54","8","6.5","15","1","130"
"64","36","8","8","7","0","155"
"78","51","8","10.5","10","1","130"
"55","36","6","13.5","15","0","75"
"74","44","8","11","10","0","127"
"75","50","8","6.5","15","0","105"
"58","42","6","12.5","5","0","77"
"58","40","6","10.5","5","0","102"
"59","38","6","13.5","10","0","93"
"89","51","10","12","3","1","140"
"81","46","8","12","2","1","121"
"60","44","6","13.5","10","1","80"
"57","37","6","13.5","15","0","68"
"65","46","8","3","10","1","147"
"78","52","12","7.5","5","1","165"
"63","43","9","15.5","3","0","110"
"119","67","17","15.5","10","0","126"
"68","45","9","14.5","10","1","95"
"83","46","10","10.5","1","1","130"
"64","38","8","14.5","10","1","93"
"77","46","10","13.5","10","1","115"
"66","47","8","12","10","1","116"
"60","43","6","17","10","1","95"
"57","40","6","9","3","1","108"
"86","54","10","10.5","5","1","151"
"80","44","12","11.5","5","1","150"
"83","46","12","7","10","1","114"
"61","43","6","13.5","15","1","86"
"67","39","8","12","5","1","150"
"75","51","9","7.5","10","0","113"
"62","43","6","12","15","1","101"
"59","43","5","13.5","10","0","75"
"79","46","10","13","10","1","130"
"84","60","10","9","10","1","131"
"74","54","9","11","12","0","115"
"74","48","10","7.5","3","0","135"
"119","93","15","9","1","1","477"
"63","38","9","12.5","10","1","103"
"58","37","5","7","12","1","77"
"78","48","11","12.7","8","1","140"
"59","40","5","12.5","5","1","85"
"152","80","17","3","5","1","415"
"75","48","9","8","10","1","159"
"83","50","9","14.5","15","0","126"
"65","39","8","13","5","1","91"
"64","43","9","10.5","7","1","118"
"63","43","7","10.5","15","1","105"
"56","37","6","11.5","5","1","79"
"67","44","9","11.5","10","1","110"
"107","71","9","9","10","1","220"
"85","47","11","12.7","5","1","155"
"58","30","6","17","1","1","100"
"82","50","10","12","10","1","95"
"68","43","8","6.5","10","1","116"
"69","45","9","7.5","5","0","120"
"57","40","6","3.5","7","1","93"
"60","47","6","14.5","7","0","98"
"78","44","13","12","5","1","125"
"59","44","6","7","1","1","85"
"50","35","7","17","5","0","73"
"83","49","9","12","10","1","120"
"95","64","10","10.5","15","1","230"
"98","73","12","6","1","0","170"
"86","58","9","12","8","1","162"
"75","45","10","17","7","1","105"
"57","42","6","7.5","5","1","84"
"84","53","10","12","5","1","128"
"80","45","10","10.5","5","1","135"
"81","47","10","14.5","10","1","175"
"60","40","8","8","5","1","102"
"55","36","6","3.5","10","1","87"
"71","41","8","12","15","1","118"
"63","38","8","14.5","5","1","118"
"74","45","8","12","5","0","103"
"67","46","10","9","10","1","120"
"60","44","6","15.5","3","1","92"
"101","68","10","11","10","1","200"
"63","38","8","12.5","15","1","96"
"66","43","7","8","10","1","140"
"73","50","9","9","7","0","145"
"56","39","5","4.5","15","1","115"
"134","77","21","15.5","5","1","207"
"65","39","8","13","10","1","115"
"79","45","13","15.5","10","1","118"
"55","38","6","10.5","5","0","85"
"80","55","8","8","15","1","160"
"80","46","10","12","10","1","129"
"72","43","10","13","5","0","107"
"67","45","10","12","10","1","95"
"79","47","8","14.5","3","0","108"
"62","44","7","14.5","10","1","84"
"77","45","10","5","7","1","73"
"68","40","9","9","10","1","160"
"112","55","16","7","10","1","190"
"85","52","11","14.5","5","1","145"
"76","44","10","12","10","0","97"
"95","62","11","10","10","1","144"
"77","46","8","12","12","0","110"
"78","46","9","10.5","10","1","142"
"58","40","7","13.5","5","1","123"
"60","43","6","9","5","1","95"
"72","52","9","11.5","7","1","106"
"62","38","8","12.5","3","0","95"
"85","54","12","9","7","1","245"
"59","42","5","11.5","10","1","86"
"60","44","6","12","5","1","92"
"57","42","8","3.5","5","1","160"
"90","51","13","10","5","1","156"
"121","72","13","12.5","3","1","340"
"82","44","10","13","2","1","117"
"64","40","7","17","10","0","111"
"62","38","8","11.5","5","1","115"
"72","43","10","12.7","2","0","118"
"74","43","10","12.5","3","1","126"
"72","53","8","3","10","1","155"
"85","54","14","14.5","15","1","200"
"66","44","7","8","20","1","112"
"86","67","13","13.5","15","1","115"
"54","39","6","7","3","1","150"
"75","44","10","9","5","1","155"
"102","75","10","6.5","5","1","410"
"98","60","9","4.5","10","1","220"
"60","37","8","12.5","15","1","95"
"75","46","10","17","5","1","118"
"66","44","6","12.5","10","1","100"
"79","47","8","14.5","3","0","110"
"58","43","6","11.5","10","1","80"
"74","45","10","12","1","1","130"
"72","43","9","7","10","1","163"
"63","40","8","12.5","10","1","95"
"60","42","6","12","7","1","83"
"86","47","8","3","3","1","185"
"57","43","6","10.5","15","1","93"
"78","45","10","13.5","10","1","90"
"80","45","11","12","2","1","125"
"63","44","7","12.5","10","1","106"
"75","45","10","12","5","1","103"
"64","44","6","17","5","1","93"
"78","47","10","10.5","7","1","250"
"78","44","10","12","5","1","117"
"74","45","10","15.5","15","1","145"
"72","48","7","3.5","5","1","164"
"74","48","12","12","15","1","130"
"55","37","6","11.5","2","1","78"
"66","42","8","7","2","0","140"
"77","40","12","12.7","15","1","110"
"84","48","9","12","10","1","140"
"70","50","6","12","5","1","92"
"60","43","7","13.5","10","1","98"
"73","47","9","17","15","0","107"
"81","46","13","12","15","1","122"
"100","49","13","14.5","10","1","220"
"60","39","6","17","5","1","100"
"62","38","7","17","3","1","93"
"61","43","6","12","15","0","95"
"118","54","12","3.5","2","1","315"
"57","44","6","17","10","1","83"
"75","44","10","12.7","7","1","114"
"72","46","9","9","10","1","200"
"97","56","18","8","10","1","270"
"76","45","10","12.7","15","1","100"
"87","56","9","3","10","1","160"
"74","43","10","13.5","15","1","131"
"77","45","18","6","7","1","116"
"150","80","15","7.5","7","1","530"
"75","45","9","14.5","10","1","100"
"62","32","7","6","5","0","82"
"66","44","7","13.5","7","1","105"
"135","75","20","12.5","3","0","260"
"66","44","7","17","5","1","108"
"83","45","10","13","10","0","133"
"61","38","8","13","7","1","93"
"77","45","10","12","10","1","114"
"79","48","10","12","10","1","98"
"58","43","5","7","5","1","85"
"83","53","10","5","12","0","125"
"59","45","6","3","3","1","120"
"62","44","6","12.5","10","0","82"
"65","44","7","9","5","1","128"
"72","44","9","6","5","1","130"
"76","45","10","12","15","1","114"
"50","32","5","11.5","7","0","70"
"59","39","6","10","10","0","115"
"75","45","10","14.5","15","1","99"
"65","39","9","12.5","2","0","110"
"67","45","7","13.5","10","1","120"
"60","44","6","7","5","1","110"
"49","34","6","15.5","5","1","83"
"67","45","9","12","7","1","106"
"80","48","13","12","10","1","120"
"77","45","10","7","10","1","120"
"62","45","7","12.5","10","1","95"
"76","44","24","12.7","2","0","145"
"61","44","7","13.5","5","1","91"
"62","44","6","13.5","10","1","82"
"69","44","10","9","10","1","137"
"60","44","6","13.5","10","1","88"
"56","42","6","10","10","0","82"
"94","50","12","17","10","1","145"
"60","43","7","12.5","5","1","100"
"86","54","10","6","5","1","138"
"57","40","6","9","3","1","111"
"64","45","7","12","5","1","89"
"80","48","13","15.5","10","1","144"
"65","45","7","6","7","1","79"
"66","44","7","13.5","7","1","105"
"57","42","6","6.5","7","1","95"
"77","49","10","7.5","5","1","220"
"69","45","10","12","10","1","107"
"90","58","8","10.5","2","1","180"
"59","41","6","7.5","12","1","92"
"65","44","8","10.5","10","1","110"
"78","54","7","3.5","15","1","150"
"68","43","9","6.5","5","1","115"
"59","44","6","13.5","10","1","83"
"101","51","15","12.7","5","1","164"
"78","38","11","12.7","10","1","125"
"64","45","7","14.5","3","1","93"
"70","51","8","12.5","10","1","140"
"64","45","7","14.5","10","1","94"
"63","40","8","6","7","1","120"
"73","53","8","11","15","1","135"
"73","45","8","11","10","0","105"
"73","49","9","10.5","15","1","155"
"77","40","11","13","10","1","127"
"72","44","10","6","5","0","129"
"62","41","9","9","5","1","145"
"74","45","10","14.5","15","1","125"
"54","36","5","3.5","15","1","95"
"76","46","10","12","10","1","112"
"60","38","8","12","10","0","90"
"67","46","9","8","15","1","140"
"66","41","8","17","5","0","112"
"70","47","8","12","7","1","123"
"55","41","5","11","5","1","85"
"56","39","6","10","5","1","82"
"94","60","11","6.5","3","0","132"
"56","37","6","15.5","7","0","74"
"57","42","5","12.7","10","1","84"
"65","47","8","13.5","3","1","115"
"80","54","10","12","10","1","132"
"64","38","8","17","5","1","115"
"106","71","9","9","10","1","240"
"77","46","10","13.5","5","1","125"
"61","43","6","14.5","10","1","90"
"63","38","8","12.5","5","1","95"
"68","44","11","4.5","12","0","128"
"83","48","12","15.5","10","1","137"
"64","39","9","6","5","1","90"
"58","43","6","3.5","12","1","105"
"58","42","5","7.5","15","1","84"
"66","44","7","11.5","10","1","98"
"79","45","13","13","7","1","115"
"108","81","16","4.5","10","1","352"
"79","45","12","14.5","5","1","131"
"90","65","8","6","2","1","165"
"77","46","10","13","10","1","123"
"60","44","6","6.5","5","1","115"
"56","36","5","10.5","15","1","85"
"54","35","6","13.5","10","1","72"
"86","60","10","9","5","1","195"
"81","48","9","12","20","0","123"
"77","46","10","12.7","7","1","110"
"80","50","12","10.5","15","1","137"
"58","39","6","12.5","10","0","85"
"90","60","12","12.7","1","1","160"
"75","55","8","9","7","1","170"
"63","43","6","17","5","1","125"
"74","46","9","3","3","0","178"
"113","64","11","13.5","10","1","200"
"56","38","5","11.5","10","1","80"
"79","52","9","9","7","1","170"
"60","44","6","13.5","7","1","80"
"67","38","7","10.5","10","1","112"
"53","34","6","12.5","10","0","81"
"60","42","7","13.5","5","1","82"
"57","43","6","12","12","0","85"
"76","49","9","3","10","0","120"
"58","39","6","9","5","0","95"
"73","41","8","7","5","0","160"
"54","36","6","10","7","1","75"
"74","44","10","13","7","1","110"
"64","46","8","12.5","7","1","122"
"73","47","6","3","10","1","179"
"57","42","5","12.7","10","1","82"
"80","46","10","13","10","1","113"
"79","44","13","12","10","1","124"
"79","48","9","13","7","1","115"
"88","52","12","6.5","7","1","145"
"76","45","10","9","5","1","150"
"79","53","8","7","2","0","140"
"84","50","9","12.7","1","1","160"
"59","42","6","13.5","7","1","96"
"60","43","7","12.5","5","1","95"
"74","51","8","7","5","1","120"
"77","53","8","10.5","10","0","119"
"74","45","11","5","10","1","167"
"71","45","6","9","1","1","210"
"80","50","8","6","10","1","173"
"78","46","14","12.5","12","0","132"
"63","41","8","3.5","3","1","145"
"70","46","8","7.5","7","1","199"
"55","34","5","10.5","5","1","82"
"84","54","10","13","5","1","113"
"60","41","6","3","7","0","129"
"64","38","8","14.5","10","1","105"
"75","45","8","13.5","10","0","110"
"68","45","8","6","10","1","119"
"81","46","10","12.5","10","1","117"
"59","44","6","14.5","10","1","88"
"92","57","11","9","3","1","250"
"62","39","7","12","10","1","92"
"66","41","8","13.5","15","1","99"
"53","34","6","10.5","3","1","85"
"60","43","6","12.5","5","1","88"
"63","38","8","14.5","5","0","92"
"56","37","5","10","10","0","75"
"65","45","7","12.5","5","1","92"
"86","56","10","12","2","1","170"
"134","75","16","12","5","1","222"
"51","34","6","12","5","1","95"
"60","43","6","17","10","1","70"
"82","49","13","8","15","1","270"
"65","46","7","13","7","1","85"
"83","45","10","12.7","15","1","142"
"65","46","8","12.5","10","1","95"
"65","40","8","14.5","15","0","96"
"80","45","13","14.5","5","1","121"
"68","39","10","4.5","10","0","170"
"77","50","6","3.5","3","1","100"
"67","42","9","3.5","7","1","115"
"60","43","5","12","10","0","79"
"65","40","8","17","5","1","108"
"127","66","15","12.5","5","1","300"
"57","42","6","4.5","5","1","130"
"60","43","6","14.5","7","1","96"
"70","46","7","4.5","3","1","197"
"59","43","6","13.5","5","1","80"
"95","63","9","10","10","1","138"
"64","47","6","17","10","1","102"
"80","49","10","12.5","5","1","210"
"64","44","10","15.5","7","1","103"
"83","48","12","7.5","10","1","245"
"80","45","13","4.5","15","1","147"
"61","44","6","12","5","0","90"
"86","54","8","9","10","1","176"
"74","45","11","12","10","0","127"
"58","43","6","14.5","10","1","98"
"54","34","6","17","1","1","87"
"77","45","10","13","2","1","149"
"64","45","7","14.5","10","1","91"
"78","46","10","12","15","1","115"
"82","49","8","13","5","1","140"
"59","45","6","15.5","5","1","90"
"69","43","7","3.5","3","1","145"
"59","38","6","13.5","5","1","82"
"51","34","6","13.5","10","1","79"
"69","46","8","7.5","7","1","150"
"54","36","6","9","15","0","86"
"85","49","9","12","5","1","155"
"74","42","9","12","5","1","127"
"72","46","10","14.5","9","1","94"
"91","50","12","10.5","10","1","185"
"79","45","13","12","10","1","122"
"67","49","6","12.5","10","0","110"
"76","45","10","13.5","10","1","150"
"67","40","8","12","5","1","90"
"76","43","10","12","5","1","117"
"58","35","11","12.5","10","0","82"
"60","45","6","13.5","10","1","82"
"57","41","6","4.5","7","0","95"
"75","43","8","7","5","1","155"
"66","39","8","14.5","15","1","95"
"56","37","5","10","5","1","75"
"65","41","8","14.5","5","1","100"
"81","50","7","12","10","0","140"
"76","54","6","9","5","0","127"
"76","40","11","12.7","7","1","112"
"81","55","9","9","5","0","150"
"65","44","7","11.5","15","1","98"
"80","48","8","13","5","1","97"
"78","51","9","10.5","10","1","170"
"54","36","6","12.5","10","1","79"
"84","62","10","6.5","1","1","169"
"75","44","10","12","5","1","160"
"79","45","13","14.5","7","1","117"
"58","42","6","13","15","0","84"
"72","44","7","11.5","7","0","98"
"72","51","8","6.5","5","0","112"
"83","47","9","10.5","5","1","140"
"61","42","6","12.5","10","1","94"
"81","48","9","13.5","10","1","130"
"66","40","8","17","5","1","105"
"82","54","10","6","5","1","165"
"58","44","6","10.5","10","0","85"
"60","45","5","10.5","10","1","90"
"55","35","6","10.5","5","0","85"
"69","47","8","3","10","1","160"
"77","43","11","7","5","1","118"
"59","44","6","17","10","1","101"
"60","45","5","7.5","7","0","98"
"70","45","8","10.5","10","1","137"
"80","49","10","3","10","0","245"
"80","49","11","12.5","10","1","145"
"80","45","13","12","15","1","118"
"68","46","8","13.5","10","1","115"
"65","39","8","17","10","0","105"
"74","44","12","9","7","1","123"
"75","42","10","12","5","1","117"
"62","38","7","13.5","7","0","91"
"80","53","9","6","2","1","145"
"72","45","10","11.5","10","0","130"
"87","60","15","11.5","3","1","200"
"76","45","10","12","15","1","100"
"77","42","8","6","5","1","160"
"65","46","7","12.5","15","1","95"
"72","50","9","17","10","0","112"
"72","52","8","6","15","1","105"
"66","40","10","12","20","1","125"
"77","46","10","3","15","1","200"
"100","57","14","12","10","0","170"
"79","46","10","12.7","10","1","115"
"56","42","7","3.5","10","0","95"
"65","40","8","12.5","10","1","99"
"55","41","5","13.5","10","1","94"
"78","45","10","13","10","1","105"
"87","58","9","7.5","5","1","205"
"62","46","8","14.5","15","1","90"
"64","38","8","14.5","15","1","100"
"53","34","6","12.5","15","1","83"
"70","50","9","12.5","10","0","93"
"63","45","6","12.5","10","1","96"
"60","40","5","7","7","1","88"
"68","46","9","12","5","1","150"
"67","48","8","13.5","15","1","105"
"79","46","10","13","5","1","110"
"86","54","10","12","15","1","118"
"90","63","10","10.5","3","1","171"
"156","80","20","10.5","5","1","451"
"64","39","8","7","10","1","78"
"76","52","9","8","2","1","165"
"61","42","9","13.5","10","1","87"
"60","40","6","13.5","5","1","85"
"75","44","10","12.5","5","1","130"
"64","45","7","14.5","3","1","93"
"55","42","5","10.5","5","1","95"
"65","45","8","9","5","1","179"
"51","34","6","12","7","0","73"
"102","70","20","3","2","1","420"
"85","58","13","3","5","1","230"
"75","36","12","7","5","1","154"
"79","45","13","12","7","1","121"
"81","54","9","9","5","0","150"
"121","60","16","7.5","5","1","268"
"68","46","7","14.5","15","1","115"
"60","44","6","13.5","10","1","86"
"99","67","9","9","10","0","185"
"66","40","8","12.5","5","1","105"
"59","43","6","15.5","5","1","95"
"78","53","8","10.5","10","0","119"
"68","44","8","17","5","1","160"
"56","37","6","11.5","5","1","81"
"65","47","8","12.5","5","1","133"
"61","43","6","12.5","3","1","90"
"90","55","8","13.5","7","0","148"
"58","38","6","15.5","8","1","102"
"136","88","14","10.5","10","1","265"
"61","45","6","14.5","10","1","93"
"74","43","10","13","7","1","103"
"92","57","12","6.5","12","1","240"
"59","38","6","15.5","10","1","92"
"90","61","9","9","1","1","215"
"61","44","6","4.5","5","1","117"
"65","39","9","12.5","3","0","115"
"68","47","8","4.5","5","1","185"
"63","38","8","17","10","1","110"
"80","45","9","12.7","15","1","120"
"86","59","10","17","10","1","170"
"77","45","10","12","10","1","114"
"60","46","6","14.5","15","0","81"
"73","44","10","13","5","1","104"
"105","58","21","13.5","15","1","135"
"59","43","6","12","10","0","79"
"81","50","8","13","10","1","115"
"78","45","10","17","10","1","91"
"50","34","6","14.5","5","1","79"
"78","45","10","12","10","0","136"
"72","43","12","12.7","10","0","95"
"56","38","6","13.5","5","0","78"
"96","54","12","13.5","10","0","122"
"70","45","9","3.5","3","1","142"
"60","45","6","12","5","1","110"
"74","45","9","13","10","1","103"
"72","51","9","11.5","10","1","88"
"60","43","6","17","5","1","105"
"79","44","10","13","3","1","120"
"74","48","12","12","5","1","150"
"70","40","10","12","10","0","93"
"75","45","10","13.5","10","1","125"
"78","58","10","14.5","15","1","130"
"80","45","13","12","15","1","120"
"67","44","10","11.5","8","1","104"
"67","45","9","12","7","1","105"
"75","46","10","12","7","0","119"
"57","42","6","12","10","1","99"
"56","39","5","9","7","1","95"
"60","42","6","12","7","1","89"
"77","45","10","12","15","1","160"
"60","42","6","17","3","1","90"
"75","53","9","8","15","1","145"
"60","40","11","7.5","5","1","155"
"80","48","8","12","10","1","108"
"76","45","10","12.7","5","1","115"
"75","42","9","13.5","10","1","116"
"111","64","16","14.5","10","1","151"
"74","44","10","12","10","0","99"
"60","45","6","12","5","1","96"
"85","55","10","10.5","5","1","180"
"64","44","7","8","2","0","126"
"75","54","10","6.5","7","1","143"
"111","60","13","8","5","1","370"
"77","46","10","12.5","10","1","121"
"75","51","8","12","15","0","150"
"77","52","8","7","3","1","169"
"74","46","8.5","12","5","1","125"
"77","45","10","13","10","1","119"
"75","46","10","9","15","1","145"
"60","43","6","14.5","5","1","84"
"68","44","8","10.5","10","1","98"
"85","53","10","12","15","0","92"
"60","44","6","13.5","10","1","81"
"80","45","13","13","5","1","104"
"75","45","8","11","10","1","130"
"76","45","10","12","5","1","110"
"50","34","7","17","10","1","72"
"74","45","8","14.5","5","0","95"
"64","45","7","17","5","1","95"
"73","44","10","13.5","10","0","114"
"64","39","9","13.5","5","1","129"
"63","44","7","11.5","5","0","97"
"72","43","10","12.7","10","1","97"
"79","45","10","8","15","1","180"
"77","47","10","13","10","1","110"
"77","45","10","12","5","1","110"
"60","43","6","9","5","1","95"
"60","46","5","10.5","5","1","95"
"76","48","10","12.5","5","1","129"
"64","45","7","15.5","5","1","103"
